{
    "timestamp": "2025-10-16 15:06:07.454442+00:00",
    "target_digit": 5,
    "model_type": "sgd_classifier",
    "cv_folds": 3,
    "scoring": "accuracy",
    "cv_scores": [
        0.9862857142857143,
        0.9866857142857143,
        0.9882857142857143
    ],
    "mean_cv_score": 0.9870857142857142,
    "std_cv_score": 0.0008640987597877223,
    "random_state": 42,
    "train_samples": 52500,
    "positive_samples": 4688
}