{
    "timestamp": "2025-10-16 13:46:43.044169+00:00",
    "target_digit": 8,
    "model_type": "SGDClassifier",
    "cv_folds": 3,
    "scoring": "accuracy",
    "cv_scores": [
        0.916,
        0.936,
        0.9329714285714286
    ],
    "mean_cv_score": 0.9283238095238096,
    "std_cv_score": 0.008801525326473946,
    "random_state": 42,
    "train_samples": 52500,
    "positive_samples": 5077
}